ababa,ababillar,ababille,ababol,aba,abacero,ábaco,abadejo,abadengo,abadernar,abaderne,abadesa,arameo,arancelario,
hebroso,hebrudo,hecatombe,hecha,hechicé,hechice,hechicen,hechiceresco,hechicero,hechizad,hechizá,hechiza,hechizan,
hechizar,arancel,arandanedo,arándano,arandela,arreciré,arreciréis,arreciremos,arreciríais,arreciríamos,arrecirían,arreciría,arrecirse,arrecís,arreciste,arrecisteis,
ababa,ababillar,ababille,ababol,aba,abacero,ábaco,abadejo,abadengo,abadernar,abaderne,abadesa,arameo,arancelario,
hebroso,hebrudo,hecatombe,hecha,hechicé,hechice,hechicen,hechiceresco,hechicero,hechizad,hechizá,hechiza,hechizan,
hechizar,arancel,arandanedo,arándano,arandela,arreciré,arreciréis,arreciremos,arreciríais,arreciríamos,arrecirían,arreciría,arrecirse,arrecís,arreciste,arrecisteis,
ababa,ababillar,ababille,ababol,aba,abacero,ábaco,abadejo,abadengo,abadernar,abaderne,abadesa,arameo,arancelario,
hebroso,hebrudo,hecatombe,hecha,hechicé,hechice,hechicen,hechiceresco,hechicero,hechizad,hechizá,hechiza,hechizan,
capeluz,sudamerica,wisler,errepar,seix barral,Nayarit,CALIBROSCOPIO,Capítulo 2,Catari,Certeza,Papers,Paradiso,Patagonia,Patris,Paulinas,Pictus,Journal,Juris,Maipue,Maizal,Malas Palabras Buks,Manantial,Marea,Mascardi,Notari,
hechizar,arancel,arandanedo,arándano,arandela,arreciré,arreciréis,arreciremos,arreciríais,arreciríamos,arrecirían,arreciría,arrecirse,arrecís,arreciste,arrecisteis,
ababa,ababillar,ababille,ababol,aba,abacero,ábaco,abadejo,abadengo,abadernar,abaderne,abadesa,arameo,arancelario,
hebroso,hebrudo,hecatombe,hecha,hechicé,hechice,hechicen,hechiceresco,hechicero,hechizad,hechizá,hechiza,hechizan,
hechizar,arancel,arandanedo,arándano,arandela,arreciré,arreciréis,arreciremos,arreciríais,arreciríamos,arrecirían,arreciría,arrecirse,arrecís,arreciste,arrecisteis,
ababa,ababillar,ababille,ababol,aba,abacero,ábaco,abadejo,abadengo,abadernar,abaderne,abadesa,arameo,arancelario,
hebroso,hebrudo,hecatombe,hecha,hechicé,hechice,hechicen,hechiceresco,hechicero,hechizad,hechizá,hechiza,hechizan,
hechizar,arancel,arandanedo,arándano,arandela,arreciré,arreciréis,arreciremos,arreciríais,arreciríamos,arrecirían,arreciría,arrecirse,arrecís,arreciste,arrecisteis,
ababa,ababillar,ababille,ababol,aba,abacero,ábaco,abadejo,abadengo,abadernar,abaderne,abadesa,arameo,arancelario,
hebroso,hebrudo,hecatombe,hecha,hechicé,hechice,hechicen,hechiceresco,hechicero,hechizad,hechizá,hechiza,hechizan,
hechizar,arancel,arandanedo,arándano,arandela,arreciré,arreciréis,arreciremos,arreciríais,arreciríamos,arrecirían,arreciría,arrecirse,arrecís,arreciste,arrecisteis,
ababa,ababillar,ababille,ababol,aba,abacero,ábaco,abadejo,abadengo,abadernar,abaderne,abadesa,arameo,arancelario,
hebroso,hebrudo,hecatombe,hecha,hechicé,hechice,hechicen,hechiceresco,hechicero,hechizad,hechizá,hechiza,hechizan,
hechizar,arancel,arandanedo,arándano,arandela,arreciré,arreciréis,arreciremos,arreciríais,arreciríamos,arrecirían,arreciría,arrecirse,arrecís,arreciste,arrecisteis,
ababa,ababillar,ababille,ababol,aba,abacero,ábaco,abadejo,abadengo,abadernar,abaderne,abadesa,arameo,arancelario,
hebroso,hebrudo,hecatombe,hecha,hechicé,hechice,hechicen,hechiceresco,hechicero,hechizad,hechizá,hechiza,hechizan,
hechizar,arancel,arandanedo,arándano,arandela,arreciré,arreciréis,arreciremos,arreciríais,arreciríamos,arrecirían,arreciría,arrecirse,arrecís,arreciste,arrecisteis,
capeluz,sudamerica,wisler,errepar,seix barral,Nayarit,CALIBROSCOPIO,Capítulo 2,Catari,Certeza,Papers,Paradiso,Patagonia,Patris,Paulinas,Pictus,Journal,Juris,Maipue,Maizal,Malas Palabras Buks,Manantial,Marea,Mascardi,Notari,
capeluz,sudamerica,wisler,errepar,seix barral,Nayarit,CALIBROSCOPIO,Capítulo 2,Catari,Certeza,Papers,Paradiso,Patagonia,Patris,Paulinas,Pictus,Journal,Juris,Maipue,Maizal,Malas Palabras Buks,Manantial,Marea,Mascardi,Notari,
capeluz,sudamerica,wisler,errepar,seix barral,Nayarit,CALIBROSCOPIO,Capítulo 2,Catari,Certeza,Papers,Paradiso,Patagonia,Patris,Paulinas,Pictus,Journal,Juris,Maipue,Maizal,Malas Palabras Buks,Manantial,Marea,Mascardi,Notari,
capeluz,sudamerica,wisler,errepar,seix barral,Nayarit,CALIBROSCOPIO,Capítulo 2,Catari,Certeza,Papers,Paradiso,Patagonia,Patris,Paulinas,Pictus,Journal,Juris,Maipue,Maizal,Malas Palabras Buks,Manantial,Marea,Mascardi,Notari,
capeluz,sudamerica,wisler,errepar,seix barral,Nayarit,CALIBROSCOPIO,Capítulo 2,Catari,Certeza,Papers,Paradiso,Patagonia,Patris,Paulinas,Pictus,Journal,Juris,Maipue,Maizal,Malas Palabras Buks,Manantial,Marea,Mascardi,Notari,
capeluz,sudamerica,wisler,errepar,seix barral,Nayarit,CALIBROSCOPIO,Capítulo 2,Catari,Certeza,Papers,Paradiso,Patagonia,Patris,Paulinas,Pictus,Journal,Juris,Maipue,Maizal,Malas Palabras Buks,Manantial,Marea,Mascardi,Notari,
capeluz,sudamerica,wisler,errepar,seix barral,Nayarit,CALIBROSCOPIO,Capítulo 2,Catari,Certeza,Papers,Paradiso,Patagonia,Patris,Paulinas,Pictus,Journal,Juris,Maipue,Maizal,Malas Palabras Buks,Manantial,Marea,Mascardi,Notari,
capeluz,sudamerica,wisler,errepar,seix barral,Nayarit,CALIBROSCOPIO,Capítulo 2,Catari,Certeza,Papers,Paradiso,Patagonia,Patris,Paulinas,Pictus,Journal,Juris,Maipue,Maizal,Malas Palabras Buks,Manantial,Marea,Mascardi,Notari,
capeluz,sudamerica,wisler,errepar,seix barral,Nayarit,CALIBROSCOPIO,Capítulo 2,Catari,Certeza,Papers,Paradiso,Patagonia,Patris,Paulinas,Pictus,Journal,Juris,Maipue,Maizal,Malas Palabras Buks,Manantial,Marea,Mascardi,Notari,
capeluz,sudamerica,wisler,errepar,seix barral,Nayarit,CALIBROSCOPIO,Capítulo 2,Catari,Certeza,Papers,Paradiso,Patagonia,Patris,Paulinas,Pictus,Journal,Juris,Maipue,Maizal,Malas Palabras Buks,Manantial,Marea,Mascardi,Notari,
capeluz,sudamerica,wisler,errepar,seix barral,Nayarit,CALIBROSCOPIO,Capítulo 2,Catari,Certeza,Papers,Paradiso,Patagonia,Patris,Paulinas,Pictus,Journal,Juris,Maipue,Maizal,Malas Palabras Buks,Manantial,Marea,Mascardi,Notari,
capeluz,sudamerica,wisler,errepar,seix barral,Nayarit,CALIBROSCOPIO,Capítulo 2,Catari,Certeza,Papers,Paradiso,Patagonia,Patris,Paulinas,Pictus,Journal,Juris,Maipue,Maizal,Malas Palabras Buks,Manantial,Marea,Mascardi,Notari,
ababa,ababillar,ababille,ababol,aba,abacero,ábaco,abadejo,abadengo,abadernar,abaderne,abadesa,arameo,arancelario,
hebroso,hebrudo,hecatombe,hecha,hechicé,hechice,hechicen,hechiceresco,hechicero,hechizad,hechizá,hechiza,hechizan,
hechizar,arancel,arandanedo,arándano,arandela,arreciré,arreciréis,arreciremos,arreciríais,arreciríamos,arrecirían,arreciría,arrecirse,arrecís,arreciste,arrecisteis,
ababa,ababillar,ababille,ababol,aba,abacero,ábaco,abadejo,abadengo,abadernar,abaderne,abadesa,arameo,arancelario,
hebroso,hebrudo,hecatombe,hecha,hechicé,hechice,hechicen,hechiceresco,hechicero,hechizad,hechizá,hechiza,hechizan,
hechizar,arancel,arandanedo,arándano,arandela,arreciré,arreciréis,arreciremos,arreciríais,arreciríamos,arrecirían,arreciría,arrecirse,arrecís,arreciste,arrecisteis,
ababa,ababillar,ababille,ababol,aba,abacero,ábaco,abadejo,abadengo,abadernar,abaderne,abadesa,arameo,arancelario,
hebroso,hebrudo,hecatombe,hecha,hechicé,hechice,hechicen,hechiceresco,hechicero,hechizad,hechizá,hechiza,hechizan,
hechizar,arancel,arandanedo,arándano,arandela,arreciré,arreciréis,arreciremos,arreciríais,arreciríamos,arrecirían,arreciría,arrecirse,arrecís,arreciste,arrecisteis
capeluz,sudamerica,wisler,errepar,seix barral,Nayarit,CALIBROSCOPIO,Capítulo 2,Catari,Certeza,Papers,Paradiso,Patagonia,Patris,Paulinas,Pictus,Journal,Juris,Maipue,Maizal,Malas Palabras Buks,Manantial,Marea,Mascardi,Notari,
capeluz,sudamerica,wisler,errepar,seix barral,Nayarit,CALIBROSCOPIO,Capítulo 2,Catari,Certeza,Papers,Paradiso,Patagonia,Patris,Paulinas,Pictus,Journal,Juris,Maipue,Maizal,Malas Palabras Buks,Manantial,Marea,Mascardi,Notari,
capeluz,sudamerica,wisler,errepar,seix barral,Nayarit,CALIBROSCOPIO,Capítulo 2,Catari,Certeza,Papers,Paradiso,Patagonia,Patris,Paulinas,Pictus,Journal,Juris,Maipue,Maizal,Malas Palabras Buks,Manantial,Marea,Mascardi,Notari,
capeluz,sudamerica,wisler,errepar,seix barral,Nayarit,CALIBROSCOPIO,Capítulo 2,Catari,Certeza,Papers,Paradiso,Patagonia,Patris,Paulinas,Pictus,Journal,Juris,Maipue,Maizal,Malas Palabras Buks,Manantial,Marea,Mascardi,Notari,
capeluz,sudamerica,wisler,errepar,seix barral,Nayarit,CALIBROSCOPIO,Capítulo 2,Catari,Certeza,Papers,Paradiso,Patagonia,Patris,Paulinas,Pictus,Journal,Juris,Maipue,Maizal,Malas Palabras Buks,Manantial,Marea,Mascardi,Notari,
capeluz,sudamerica,wisler,errepar,seix barral,Nayarit,CALIBROSCOPIO,Capítulo 2,Catari,Certeza,Papers,Paradiso,Patagonia,Patris,Paulinas,Pictus,Journal,Juris,Maipue,Maizal,Malas Palabras Buks,Manantial,Marea,Mascardi,Notari,
capeluz,sudamerica,wisler,errepar,seix barral,Nayarit,CALIBROSCOPIO,Capítulo 2,Catari,Certeza,Papers,Paradiso,Patagonia,Patris,Paulinas,Pictus,Journal,Juris,Maipue,Maizal,Malas Palabras Buks,Manantial,Marea,Mascardi,Notari,
capeluz,sudamerica,wisler,errepar,seix barral,Nayarit,CALIBROSCOPIO,Capítulo 2,Catari,Certeza,Papers,Paradiso,Patagonia,Patris,Paulinas,Pictus,Journal,Juris,Maipue,Maizal,Malas Palabras Buks,Manantial,Marea,Mascardi,Notari,
capeluz,sudamerica,wisler,errepar,seix barral,Nayarit,CALIBROSCOPIO,Capítulo 2,Catari,Certeza,Papers,Paradiso,Patagonia,Patris,Paulinas,Pictus,Journal,Juris,Maipue,Maizal,Malas Palabras Buks,Manantial,Marea,Mascardi,Notari,
capeluz,sudamerica,wisler,errepar,seix barral,Nayarit,CALIBROSCOPIO,Capítulo 2,Catari,Certeza,Papers,Paradiso,Patagonia,Patris,Paulinas,Pictus,Journal,Juris,Maipue,Maizal,Malas Palabras Buks,Manantial,Marea,Mascardi,Notari,
capeluz,sudamerica,wisler,errepar,seix barral,Nayarit,CALIBROSCOPIO,Capítulo 2,Catari,Certeza,Papers,Paradiso,Patagonia,Patris,Paulinas,Pictus,Journal,Juris,Maipue,Maizal,Malas Palabras Buks,Manantial,Marea,Mascardi,Notari,
capeluz,sudamerica,wisler,errepar,seix barral,Nayarit,CALIBROSCOPIO,Capítulo 2,Catari,Certeza,Papers,Paradiso,Patagonia,Patris,Paulinas,Pictus,Journal,Juris,Maipue,Maizal,Malas Palabras Buks,Manantial,Marea,Mascardi,Notari,
capeluz,sudamerica,wisler,errepar,seix barral,Nayarit,CALIBROSCOPIO,Capítulo 2,Catari,Certeza,Papers,Paradiso,Patagonia,Patris,Paulinas,Pictus,Journal,Juris,Maipue,Maizal,Malas Palabras Buks,Manantial,Marea,Mascardi,Notari,
capeluz,sudamerica,wisler,errepar,seix barral,Nayarit,CALIBROSCOPIO,Capítulo 2,Catari,Certeza,Papers,Paradiso,Patagonia,Patris,Paulinas,Pictus,Journal,Juris,Maipue,Maizal,Malas Palabras Buks,Manantial,Marea,Mascardi,Notari,
capeluz,sudamerica,wisler,errepar,seix barral,Nayarit,CALIBROSCOPIO,Capítulo 2,Catari,Certeza,Papers,Paradiso,Patagonia,Patris,Paulinas,Pictus,Journal,Juris,Maipue,Maizal,Malas Palabras Buks,Manantial,Marea,Mascardi,Notari,
